Date,tirupati rooms,tirupati temple history,ttd,venkateswara yt,venkateswara swamy,tirupati darshan timings,tirumala,train to tirupati,tirupati,tirupati train,kanipakam,tirupati distance,kalahasti,Pilgrims
20-10-2013,21,22,8,59,16,32,49,72,42,51,35,36,60,367700
27-10-2013,16,30,9,58,15,24,50,81,42,53,40,34,46,363223
03-11-2013,9,0,11,49,12,34,63,89,45,61,38,42,53,425182
10-11-2013,19,0,13,31,19,0,60,72,45,55,32,36,72,406690
17-11-2013,24,0,13,41,16,24,58,81,45,53,31,53,74,378546
24-11-2013,36,33,11,66,15,69,57,75,47,53,42,50,70,378180
01-12-2013,25,0,10,53,24,66,55,83,50,55,41,53,60,397085
08-12-2013,21,0,10,69,17,36,51,74,41,55,32,39,46,410901
15-12-2013,27,37,9,66,20,16,48,62,41,50,36,33,48,390455
22-12-2013,18,0,9,58,16,36,48,64,43,47,37,45,69,442936
29-12-2013,6,23,10,67,19,21,42,56,38,46,29,34,55,403850
05-01-2014,27,20,10,83,22,53,57,67,40,50,37,40,36,370075
12-01-2014,28,0,8,69,12,43,47,54,36,42,43,36,39,466729
19-01-2014,17,30,8,84,8,0,44,55,39,42,31,41,44,413998
26-01-2014,13,18,9,53,16,83,47,62,39,49,30,36,39,365547
02-02-2014,24,52,8,51,10,18,44,77,37,51,28,34,42,370696
09-02-2014,30,25,8,47,16,16,38,59,34,38,30,36,43,384652
16-02-2014,16,0,7,41,13,27,43,57,38,42,20,39,49,413589
23-02-2014,23,45,7,57,12,0,43,60,42,52,31,49,62,443695
02-03-2014,25,0,8,63,15,30,49,71,41,51,25,37,51,422206
09-03-2014,20,0,8,67,15,42,45,71,42,63,22,47,52,412467
16-03-2014,23,27,8,48,13,38,52,62,43,55,31,39,50,427151
23-03-2014,18,15,8,67,11,49,47,57,40,51,31,36,30,411343
30-03-2014,12,0,8,42,13,21,42,61,39,49,21,37,35,412715
06-04-2014,0,0,8,41,14,51,42,67,40,54,30,34,55,399445
13-04-2014,33,0,8,42,13,34,39,67,39,50,23,39,49,450238
20-04-2014,15,48,7,44,11,58,44,69,38,53,21,30,50,420318
27-04-2014,27,36,7,31,9,0,40,62,41,59,26,39,58,454033
04-05-2014,9,49,7,25,11,37,37,85,39,54,36,38,49,447846
11-05-2014,18,0,7,31,11,16,37,67,39,69,23,32,56,479584
18-05-2014,23,36,8,23,15,32,39,72,42,64,21,42,47,471128
25-05-2014,9,0,7,28,15,27,39,77,40,55,18,34,40,477237
01-06-2014,22,0,8,57,12,76,45,78,44,58,31,36,42,465272
08-06-2014,27,0,8,34,10,42,45,69,44,67,18,41,39,501223
15-06-2014,17,0,9,50,13,22,44,77,48,66,21,47,41,496467
22-06-2014,23,42,9,35,11,37,50,70,43,66,32,43,51,482229
29-06-2014,18,22,9,59,16,30,48,81,44,58,40,43,53,461306
06-07-2014,27,45,9,31,12,30,53,75,45,61,38,39,66,464092
13-07-2014,27,41,10,41,15,64,55,79,50,62,31,39,54,459427
20-07-2014,23,0,11,45,20,36,57,61,49,66,29,53,67,471172
27-07-2014,22,0,13,60,16,56,64,66,48,59,45,46,48,493224
03-08-2014,27,0,11,53,18,37,58,75,51,66,33,43,37,442950
10-08-2014,9,60,12,54,17,45,61,77,54,67,25,45,50,485397
17-08-2014,13,40,17,73,12,42,64,73,53,62,33,42,53,462940
24-08-2014,25,22,16,46,18,26,63,54,49,56,83,42,54,414849
31-08-2014,22,30,17,48,12,33,58,65,53,64,57,47,48,405333
07-09-2014,20,0,16,49,18,100,61,64,46,59,53,40,60,464813
14-09-2014,36,50,17,77,17,39,70,56,55,62,35,43,63,456214
21-09-2014,17,0,17,39,10,55,65,66,48,64,29,41,43,359112
28-09-2014,36,28,18,46,20,36,73,85,51,64,42,40,42,506019
05-10-2014,19,53,18,55,16,14,60,68,48,61,40,37,51,471799
12-10-2014,34,27,20,59,14,37,58,65,47,58,46,43,60,437335
19-10-2014,30,30,18,58,19,23,56,72,47,62,26,43,54,442807
26-10-2014,13,26,21,91,20,34,72,71,49,59,53,46,70,427975
02-11-2014,48,44,18,42,16,28,61,81,50,67,35,45,59,412901
09-11-2014,25,69,16,69,20,49,64,77,53,73,40,47,61,352384
16-11-2014,36,42,21,84,21,40,70,81,55,62,43,51,56,413028
23-11-2014,27,0,24,67,22,25,72,87,60,72,43,49,64,428689
30-11-2014,13,55,24,61,17,0,76,83,59,71,34,50,65,401679
07-12-2014,34,0,25,65,19,0,69,92,62,66,29,46,61,413665
14-12-2014,32,19,36,71,22,32,81,67,62,76,49,47,58,386140
21-12-2014,7,26,36,64,20,69,91,82,58,69,32,55,56,428383
28-12-2014,9,31,22,100,29,17,76,62,46,62,37,42,40,392647
04-01-2015,25,70,24,75,20,51,70,71,55,63,34,45,44,390426
11-01-2015,28,18,20,69,21,0,66,63,54,56,30,46,62,441681
18-01-2015,41,17,20,64,15,51,65,74,52,61,26,44,66,405904
25-01-2015,23,51,19,80,18,51,63,81,45,53,33,43,52,435714
01-02-2015,23,45,21,32,14,44,64,66,57,60,40,51,60,400789
08-02-2015,26,18,18,61,17,32,64,68,48,59,22,47,60,430341
15-02-2015,18,45,19,45,17,68,64,67,50,62,27,43,64,392694
22-02-2015,29,20,20,52,16,33,58,70,49,62,31,51,53,426358
01-03-2015,46,26,24,43,18,50,69,78,53,66,34,50,61,432944
08-03-2015,25,0,25,38,16,30,67,66,51,69,38,50,60,441941
15-03-2015,31,63,21,23,19,22,60,61,48,56,25,41,49,430885
22-03-2015,28,45,21,37,15,30,62,72,48,59,23,46,60,447732
29-03-2015,39,27,24,45,17,48,71,74,59,73,37,51,70,425021
05-04-2015,32,0,22,62,22,44,65,75,54,64,42,51,49,433719
12-04-2015,36,21,21,59,15,14,59,67,50,60,26,37,46,451495
19-04-2015,47,43,19,63,19,44,60,79,48,61,36,47,52,467260
26-04-2015,36,23,20,43,17,47,63,78,54,61,30,48,56,498296
03-05-2015,11,0,18,75,16,52,62,82,51,69,31,47,69,498716
10-05-2015,69,22,18,53,19,54,63,84,55,70,29,48,57,531673
17-05-2015,27,34,19,64,16,13,65,75,51,67,40,51,60,551934
24-05-2015,0,100,17,50,16,38,62,77,53,67,34,45,43,554518
31-05-2015,22,0,18,55,17,28,64,77,55,69,44,55,44,559536
07-06-2015,37,21,22,42,17,31,68,87,61,70,45,58,58,592416
14-06-2015,24,48,23,71,13,36,70,91,58,70,35,55,67,548262
21-06-2015,54,20,22,79,17,56,64,83,55,71,24,50,61,531430
28-06-2015,59,0,21,73,15,17,68,77,54,71,47,53,47,531819
05-07-2015,29,44,23,80,17,52,67,82,52,66,30,53,55,545222
12-07-2015,36,0,17,63,16,42,64,100,54,76,33,56,46,511422
19-07-2015,29,34,16,54,13,36,65,81,49,64,32,46,57,523832
26-07-2015,30,57,18,53,13,24,53,68,49,61,28,44,48,484492
02-08-2015,59,33,23,56,20,22,61,70,51,60,42,48,48,476105
09-08-2015,27,50,17,55,14,47,51,77,48,69,39,47,53,496882
16-08-2015,29,69,18,54,19,17,60,62,53,61,39,48,52,517001
23-08-2015,59,17,16,60,16,30,55,73,51,60,36,45,36,475799
30-08-2015,43,16,24,55,18,39,55,77,44,61,39,48,43,520775
06-09-2015,53,23,18,56,19,33,55,63,46,54,35,47,47,486131
13-09-2015,41,72,15,38,16,41,58,63,45,55,78,41,48,438731
20-09-2015,16,35,18,53,20,21,71,58,50,60,56,45,49,479217
27-09-2015,42,70,21,53,21,32,93,66,50,66,49,45,47,586208
04-10-2015,27,21,16,57,16,13,55,60,45,56,35,45,38,477429
11-10-2015,32,17,13,51,16,0,51,66,41,54,31,43,37,544943
18-10-2015,47,53,14,62,18,25,56,65,49,60,43,50,43,496997
25-10-2015,31,38,17,56,16,59,54,66,48,54,34,56,48,457351
01-11-2015,46,65,25,54,16,24,64,70,49,67,37,60,49,397006
08-11-2015,27,12,17,46,20,36,63,72,48,60,42,53,52,425474
15-11-2015,23,37,15,68,19,0,74,84,61,69,36,50,50,341855
22-11-2015,41,57,18,36,19,15,82,60,62,58,33,49,38,382296
29-11-2015,39,84,19,70,17,18,69,70,54,64,40,51,45,353864
06-12-2015,35,38,17,60,19,0,61,65,47,58,44,46,48,420572
13-12-2015,49,33,26,65,21,19,72,83,51,76,32,55,44,428598
20-12-2015,48,33,20,86,35,46,81,87,60,84,56,65,92,528501
27-12-2015,46,42,17,53,21,33,69,77,59,76,50,58,53,477097
03-01-2016,23,24,25,60,20,0,60,58,48,54,28,51,51,434584
10-01-2016,34,0,13,44,15,15,52,65,44,56,42,41,46,469812
17-01-2016,37,14,14,46,15,27,55,56,48,55,30,53,51,469408
24-01-2016,26,0,14,52,23,21,54,59,45,53,42,46,57,461974
31-01-2016,27,0,22,49,19,21,61,51,45,52,33,44,50,422062
07-02-2016,25,32,13,55,21,15,56,57,45,53,39,43,53,467543
14-02-2016,39,26,12,48,19,0,54,51,46,52,32,43,44,481634
21-02-2016,9,18,14,65,20,9,55,60,50,55,36,51,45,462651
28-02-2016,39,0,20,51,18,38,59,67,52,64,48,46,56,453155
06-03-2016,59,35,14,30,16,33,52,54,48,61,30,45,60,417840
13-03-2016,42,20,14,32,17,41,48,61,45,56,39,51,44,441825
20-03-2016,34,41,13,37,16,56,58,55,48,54,42,49,62,501858
27-03-2016,42,42,19,42,19,11,58,50,41,53,30,46,48,469024
03-04-2016,39,37,14,45,16,18,58,62,51,54,35,44,59,454509
10-04-2016,35,51,12,44,17,18,53,59,45,54,26,41,58,492507
17-04-2016,50,14,11,41,19,18,52,51,46,48,33,46,39,468225
24-04-2016,36,26,10,43,16,21,51,63,46,55,31,45,53,503180
01-05-2016,41,35,19,39,18,34,56,62,50,56,40,51,57,534044
08-05-2016,39,34,13,52,17,20,53,70,48,72,44,49,48,532941
15-05-2016,45,16,12,47,17,11,52,72,46,63,31,54,47,562714
22-05-2016,50,34,14,52,17,0,53,67,52,69,43,58,57,584496
29-05-2016,39,30,26,43,20,46,67,71,50,70,42,55,51,610910
05-06-2016,43,40,15,45,18,45,66,82,57,71,44,64,60,590707
12-06-2016,56,21,18,48,20,29,55,61,56,59,31,56,57,593650
19-06-2016,52,52,18,58,21,32,60,69,52,64,38,55,56,562639
26-06-2016,53,50,23,62,15,24,63,64,54,62,41,56,49,546864
03-07-2016,60,66,18,58,15,41,65,74,54,73,49,60,56,548340
10-07-2016,50,12,16,67,22,55,63,63,51,62,40,50,43,524258
17-07-2016,42,40,14,67,18,9,61,62,48,64,37,56,46,559098
24-07-2016,31,52,14,62,22,0,53,57,46,61,40,53,66,514138
31-07-2016,26,22,17,48,20,23,55,54,45,56,33,51,49,499791
07-08-2016,53,28,14,52,22,21,55,60,50,59,30,51,57,531542
14-08-2016,31,69,12,26,17,25,49,56,46,61,34,45,53,553426
21-08-2016,40,23,12,47,20,30,53,57,50,55,39,55,45,546095
28-08-2016,32,32,15,47,19,34,55,55,47,66,46,46,48,477844
04-09-2016,46,54,12,47,20,14,52,61,48,64,81,52,53,532250
11-09-2016,39,54,14,52,19,14,53,59,50,63,40,43,58,553906
18-09-2016,34,36,14,57,21,25,58,54,48,64,40,43,60,505417
25-09-2016,29,29,14,45,17,22,46,39,38,51,37,34,45,556031
02-10-2016,41,37,17,45,22,24,57,62,44,67,25,45,53,565739
09-10-2016,45,18,15,45,22,26,58,59,42,68,36,43,38,642517
16-10-2016,25,36,16,42,20,14,51,55,43,66,35,39,42,525612
23-10-2016,24,27,13,51,15,15,46,58,42,56,37,41,51,458301
30-10-2016,37,44,23,32,25,33,64,61,48,76,32,46,59,533609
06-11-2016,29,34,14,51,24,9,44,50,48,64,36,41,53,482327
13-11-2016,36,40,13,49,24,36,47,58,42,61,40,39,64,458771
20-11-2016,34,34,13,39,25,23,49,56,44,63,42,49,61,484399
27-11-2016,37,19,18,45,25,22,54,66,42,63,42,41,55,463571
04-12-2016,40,26,14,43,20,36,44,67,46,70,50,49,48,483043
11-12-2016,55,12,15,49,21,15,54,59,50,72,33,49,39,427974
18-12-2016,36,23,17,34,24,32,59,72,50,72,42,50,48,476481
25-12-2016,41,24,16,54,23,27,56,68,48,82,50,49,41,551385
01-01-2017,27,38,21,57,28,42,58,67,56,75,46,51,36,457076
08-01-2017,41,48,15,91,40,26,62,71,53,73,48,48,36,497843
15-01-2017,29,20,14,51,21,30,55,70,45,70,42,47,55,519085
22-01-2017,18,25,13,42,21,38,54,65,51,64,41,42,63,499445
29-01-2017,39,33,18,59,25,0,56,64,47,60,35,39,71,477181
05-02-2017,32,0,14,59,28,25,53,60,44,64,43,44,64,493434
12-02-2017,29,21,13,65,27,33,55,68,48,67,36,48,55,489642
19-02-2017,50,25,14,58,26,33,59,68,52,72,32,49,77,482842
26-02-2017,28,27,18,60,25,20,57,66,50,64,32,46,70,466644
05-03-2017,34,30,14,57,20,24,56,62,49,64,38,47,55,480630
12-03-2017,34,30,15,70,25,42,61,62,51,72,41,49,47,495635
19-03-2017,35,42,14,53,22,37,61,58,52,72,29,41,52,496530
26-03-2017,30,52,16,46,31,11,100,55,64,75,36,39,54,490574
02-04-2017,42,0,20,47,27,36,67,67,53,70,34,45,46,523460
09-04-2017,26,24,14,60,26,18,57,63,55,75,47,40,53,542943
16-04-2017,39,0,13,42,27,42,56,63,51,68,46,43,56,534746
23-04-2017,41,12,13,55,25,28,57,60,55,74,27,41,54,535895
30-04-2017,37,53,19,37,22,40,59,69,54,77,38,45,60,568331
07-05-2017,48,21,14,24,18,36,59,70,57,90,41,49,56,549239
14-05-2017,47,30,14,40,22,21,56,75,60,83,36,53,66,588219
21-05-2017,25,0,16,33,23,35,60,81,59,87,52,52,55,645260
28-05-2017,48,26,17,50,23,23,63,75,59,85,47,51,54,638821
04-06-2017,43,26,14,49,26,32,58,77,57,86,51,53,54,610747
11-06-2017,47,36,21,54,26,27,60,85,60,86,45,47,55,603012
18-06-2017,55,35,17,49,26,35,65,85,66,89,45,52,64,577557
25-06-2017,46,12,16,60,28,41,63,78,60,90,42,50,60,600499
02-07-2017,46,31,21,74,30,24,66,65,57,82,44,49,48,547778
09-07-2017,43,0,19,61,26,41,62,64,60,85,50,52,53,548135
16-07-2017,53,29,16,50,27,28,56,65,56,83,42,49,48,550035
23-07-2017,54,38,14,62,30,21,57,71,55,81,41,45,52,527374
30-07-2017,55,22,15,69,27,33,61,65,58,77,34,49,55,488577
06-08-2017,43,34,17,37,26,30,66,83,61,90,52,49,55,499782
13-08-2017,54,21,13,35,26,28,63,77,57,82,51,54,60,569704
20-08-2017,28,10,13,31,22,33,57,64,53,77,87,45,48,491834
27-08-2017,31,9,15,33,23,34,61,59,53,77,63,45,48,458808
03-09-2017,32,25,16,34,27,0,63,67,53,82,55,47,47,500687
10-09-2017,42,22,13,35,29,26,55,81,54,87,53,49,50,470287
17-09-2017,36,45,13,41,32,10,59,74,54,83,35,40,48,435466
24-09-2017,62,32,13,38,39,0,64,73,56,92,40,42,53,582791
01-10-2017,43,36,19,38,32,36,68,84,64,94,41,47,48,558470
08-10-2017,36,24,17,39,26,46,64,77,57,85,42,45,63,543753
15-10-2017,49,12,13,42,31,28,62,78,59,98,46,42,60,543385
22-10-2017,57,11,14,40,32,32,70,73,64,90,44,54,71,508535
29-10-2017,48,19,16,45,29,38,65,75,64,84,44,48,55,455181
05-11-2017,47,22,15,39,31,21,69,77,65,96,44,56,71,463596
12-11-2017,49,21,13,42,31,19,60,68,60,85,56,49,57,487002
19-11-2017,47,22,15,43,30,35,67,77,64,97,57,57,55,521478
26-11-2017,59,17,15,42,33,33,67,81,65,96,55,54,60,469477
03-12-2017,42,13,14,45,29,66,66,77,63,88,55,50,70,491456
10-12-2017,62,11,12,39,31,40,68,79,60,90,50,50,79,489658
17-12-2017,41,34,12,43,29,42,70,81,67,100,61,58,78,506834
24-12-2017,45,37,12,61,55,59,74,72,65,93,45,60,67,601862
31-12-2017,32,14,14,45,34,19,62,60,59,82,49,55,55,465949
07-01-2018,39,73,12,37,30,44,67,74,63,90,50,51,48,458844
14-01-2018,40,36,11,39,36,28,63,75,64,85,51,54,61,517346
21-01-2018,34,35,10,39,34,32,63,71,59,87,53,51,62,520066
28-01-2018,27,30,13,41,32,29,60,59,54,77,41,47,72,389270
04-02-2018,42,22,13,40,31,19,61,63,65,77,48,47,66,465255
11-02-2018,44,14,11,36,29,19,58,64,58,81,44,43,70,446727
18-02-2018,43,21,10,38,31,37,62,66,60,87,40,48,55,472327
25-02-2018,36,19,13,34,29,12,61,69,59,81,42,50,65,471675
04-03-2018,42,17,12,36,29,44,63,66,60,82,48,49,54,462562
11-03-2018,41,14,9,35,28,21,59,61,54,77,42,47,60,467984
18-03-2018,51,0,9,38,30,26,63,61,60,82,52,45,55,489501
25-03-2018,55,10,9,33,26,23,66,57,64,89,40,48,65,502528
01-04-2018,43,13,12,34,25,19,66,61,62,79,44,45,57,482642
08-04-2018,46,13,12,32,22,32,60,62,62,80,53,43,59,503758
15-04-2018,37,32,9,33,25,30,54,68,59,89,38,39,52,481977
22-04-2018,42,0,11,30,26,31,59,75,64,96,45,45,50,505540
29-04-2018,47,17,13,32,25,38,63,64,64,90,37,40,65,527014
06-05-2018,52,0,13,30,25,46,62,74,65,95,44,45,54,520466
13-05-2018,45,22,12,31,24,38,63,75,67,96,47,51,58,540392
20-05-2018,46,40,13,36,26,45,71,73,75,99,54,56,61,551637
27-05-2018,52,7,17,35,28,29,66,68,70,93,47,49,57,553427
03-06-2018,59,33,16,37,27,47,70,74,71,99,48,51,53,506914
10-06-2018,47,11,12,38,27,29,71,77,70,98,58,51,61,369278
17-06-2018,38,21,11,37,32,36,65,65,67,90,42,47,49,372129
24-06-2018,36,28,11,38,31,36,59,58,61,83,48,42,48,496172
01-07-2018,46,29,15,34,32,30,67,58,66,89,49,44,52,539397
08-07-2018,50,20,14,49,30,36,70,62,75,92,50,48,46,535759
15-07-2018,53,26,11,41,29,34,71,54,68,85,48,40,54,544531
22-07-2018,40,29,10,37,31,29,64,48,67,75,44,45,55,539795
29-07-2018,46,22,11,39,31,16,65,50,67,68,58,45,44,506914
05-08-2018,27,16,10,39,32,30,60,44,63,68,43,41,48,369278
12-08-2018,40,45,7,39,32,29,58,46,64,67,46,37,44,337425
19-08-2018,34,10,7,34,32,38,58,45,62,75,43,38,40,507668
26-08-2018,47,18,8,37,31,34,60,47,61,73,47,36,43,530351
02-09-2018,45,18,10,36,29,27,64,48,64,79,54,38,44,531933
09-09-2018,37,0,10,34,30,34,61,42,57,71,91,36,36,482551
16-09-2018,36,15,8,41,31,20,66,46,60,80,56,34,41,553386
23-09-2018,47,0,8,37,30,18,59,46,60,80,46,37,50,602226
30-09-2018,47,23,12,42,31,34,68,46,64,73,49,38,51,573189
07-10-2018,35,8,10,37,28,19,60,44,58,77,41,33,33,555514
14-10-2018,29,14,8,37,38,27,68,54,60,83,53,38,36,541885
21-10-2018,38,17,8,38,32,31,59,48,64,73,51,43,36,505859
28-10-2018,29,21,12,36,38,31,59,42,62,65,47,36,41,474246
04-11-2018,36,19,12,38,41,30,71,50,58,84,50,38,41,451566
11-11-2018,40,7,9,41,35,29,68,48,66,81,43,40,48,478072
18-11-2018,41,14,10,38,42,30,68,50,66,79,57,48,55,512212
25-11-2018,38,11,10,37,37,12,62,43,67,74,50,44,50,505786
02-12-2018,36,7,13,37,38,37,68,43,65,73,54,44,51,498651
09-12-2018,42,21,13,51,38,31,67,50,68,74,49,41,48,504812
16-12-2018,44,36,12,38,57,34,81,51,66,82,54,47,51,502685
23-12-2018,61,0,10,39,38,38,72,52,71,86,57,51,44,553590
30-12-2018,38,10,13,37,41,33,65,46,71,66,54,41,60,481490
06-01-2019,39,0,12,34,37,21,62,53,66,71,53,43,42,460072
13-01-2019,48,23,10,32,40,47,64,55,67,81,59,40,42,534163
20-01-2019,42,13,10,36,32,39,72,56,65,78,49,40,54,512136
27-01-2019,39,0,14,37,37,32,64,42,67,64,46,39,53,449179
03-02-2019,41,23,15,35,36,27,67,45,60,71,41,41,50,463258
10-02-2019,41,12,11,34,36,29,61,46,65,62,46,41,51,504550
17-02-2019,50,0,10,32,36,36,62,45,59,65,51,40,63,500093
24-02-2019,54,6,14,30,31,38,59,41,61,64,45,36,64,496766
03-03-2019,48,11,15,31,30,29,62,46,58,64,42,41,52,472918
10-03-2019,46,6,11,30,34,20,62,43,58,64,35,37,66,493730
17-03-2019,48,0,9,34,32,44,64,47,58,71,48,41,51,486685
24-03-2019,41,15,8,34,30,23,54,39,64,59,36,36,50,476007
31-03-2019,39,11,17,28,31,18,61,40,55,61,41,37,42,532262
07-04-2019,54,13,13,28,27,36,62,49,56,73,34,37,49,498630
14-04-2019,54,9,10,30,28,47,62,49,59,67,35,41,49,436036
21-04-2019,42,14,10,30,31,33,62,52,60,78,49,43,59,475554
28-04-2019,65,0,14,24,28,26,62,48,60,71,42,42,49,498281
05-05-2019,48,0,14,27,31,43,67,52,62,81,49,49,52,500093
12-05-2019,56,11,10,24,30,29,68,54,65,81,53,51,44,508249
19-05-2019,46,0,9,26,25,40,65,46,68,72,45,44,53,466858
26-05-2019,61,14,11,31,28,41,67,54,64,81,44,50,55,503816
02-06-2019,66,17,16,30,31,33,69,52,68,83,52,49,50,535114
09-06-2019,54,13,15,29,33,34,74,51,71,80,50,51,48,589086
16-06-2019,48,17,11,31,34,35,65,45,70,73,52,47,51,579191
23-06-2019,53,11,10,32,35,47,62,50,64,72,41,43,52,575583
30-06-2019,50,0,14,36,32,25,67,48,68,72,45,45,47,541238
07-07-2019,56,10,15,34,33,48,72,51,63,77,51,49,46,554337
14-07-2019,62,18,12,34,35,38,68,57,66,80,50,51,56,506672
21-07-2019,76,27,12,27,33,29,67,45,71,75,51,48,49,569132
28-07-2019,53,10,16,32,37,24,68,46,68,80,55,52,47,537962
04-08-2019,50,7,14,32,33,30,65,47,70,75,56,49,53,558603
11-08-2019,54,22,11,36,35,56,74,54,71,82,66,52,45,605358
18-08-2019,54,17,10,28,34,37,65,49,72,64,46,44,59,566191
25-08-2019,41,17,10,30,32,23,61,46,67,66,61,48,50,484585
01-09-2019,45,22,15,31,28,28,61,43,66,59,94,42,50,497362
08-09-2019,56,20,16,37,30,33,67,48,57,67,63,49,42,538354
15-09-2019,40,13,13,32,32,39,61,43,64,71,47,42,56,546026
22-09-2019,45,11,11,36,28,41,59,39,62,71,34,42,43,542886
29-09-2019,42,28,13,36,37,54,68,52,61,75,43,40,42,585893
06-10-2019,51,20,15,32,38,30,72,50,63,80,51,44,47,649775
13-10-2019,46,8,11,32,33,21,62,41,64,64,42,43,48,576031
20-10-2019,39,9,10,28,33,27,59,40,60,59,46,39,59,458250
27-10-2019,56,10,13,33,38,41,71,46,57,71,45,47,45,544152
03-11-2019,50,10,15,37,35,47,65,43,62,72,45,52,57,493111
10-11-2019,66,27,11,43,37,43,68,47,60,73,52,52,53,495282
17-11-2019,64,7,12,38,38,35,64,47,66,78,60,53,63,519242
24-11-2019,59,22,15,34,35,45,67,47,66,72,51,56,68,505120
01-12-2019,50,13,19,46,32,40,71,43,66,64,46,49,57,501263
08-12-2019,61,11,19,44,36,46,74,48,64,69,65,53,60,501308
15-12-2019,46,17,14,33,36,46,78,49,68,73,65,56,67,500863
22-12-2019,76,26,16,36,37,72,75,48,66,75,69,63,74,477601
29-12-2019,58,16,21,53,42,39,69,43,70,73,54,56,97,522221
05-01-2020,44,25,20,30,60,54,75,47,67,73,47,56,70,517240
12-01-2020,50,9,11,41,35,64,68,50,65,74,59,49,56,565739
19-01-2020,48,20,13,32,32,33,59,48,63,69,56,51,62,495935
26-01-2020,50,8,12,45,33,33,62,41,61,66,51,44,60,513130
02-02-2020,53,0,18,36,33,34,62,47,57,68,51,48,56,497774
09-02-2020,64,17,18,28,28,27,65,43,62,70,44,49,74,507219
16-02-2020,58,0,12,35,31,33,68,45,64,65,46,53,77,525810
23-02-2020,56,22,12,34,36,53,69,44,62,70,54,49,100,489201
01-03-2020,54,13,15,26,34,24,62,42,65,63,43,45,70,486229
08-03-2020,42,0,16,30,32,48,62,39,64,55,41,42,70,446003
15-03-2020,19,0,12,24,28,26,61,25,56,32,26,23,53,319360
22-03-2020,4,11,5,28,27,10,32,6,53,8,16,11,37,277657
29-03-2020,0,20,5,33,25,5,27,4,32,6,10,9,16,260725
05-04-2020,4,25,4,35,27,0,23,2,27,6,27,9,8,243794
12-04-2020,0,10,4,28,26,0,22,3,23,4,15,9,14,226863
19-04-2020,8,17,3,36,28,0,23,1,23,4,6,7,8,209931
26-04-2020,6,0,3,18,31,0,20,2,21,6,11,8,19,193000
03-05-2020,4,0,3,20,28,0,22,1,21,6,13,11,10,176069
10-05-2020,10,9,4,19,28,0,23,6,23,9,8,12,12,159138
17-05-2020,8,21,7,23,31,0,25,6,25,8,16,13,13,142206
24-05-2020,2,7,10,22,33,0,33,7,30,6,11,15,7,125275
31-05-2020,9,17,11,22,34,10,27,6,34,8,12,17,12,108344
07-06-2020,14,0,16,24,34,0,41,8,30,8,21,18,13,91412
14-06-2020,3,6,9,27,31,0,32,5,36,5,15,14,22,74481
21-06-2020,9,7,11,28,34,6,30,5,32,6,17,16,24,72546
28-06-2020,6,14,16,26,37,9,35,4,34,7,19,15,22,77448
05-07-2020,2,9,9,24,34,12,26,3,33,4,22,16,20,68001
12-07-2020,4,26,7,26,35,0,29,3,34,4,11,16,15,50687
19-07-2020,6,13,7,24,32,0,30,4,34,4,17,15,20,35630
26-07-2020,10,31,7,25,30,0,27,4,37,4,18,16,26,41792
02-08-2020,6,7,7,24,32,0,30,5,38,4,17,18,15,49146
09-08-2020,4,0,7,18,31,18,32,3,34,5,19,16,18,56134
16-08-2020,8,0,7,21,28,9,26,6,39,5,46,15,17,57967
23-08-2020,12,18,11,21,28,5,30,5,38,7,39,21,24,64513
30-08-2020,10,6,11,24,33,21,36,6,41,8,34,22,23,84927
06-09-2020,10,6,15,30,36,5,42,10,42,11,34,28,35,84279
13-09-2020,16,5,13,32,40,22,43,8,45,11,31,25,42,88223
20-09-2020,8,11,23,34,35,17,52,10,47,11,28,27,44,96675
27-09-2020,16,17,20,28,41,20,46,10,46,11,41,28,36,123847
04-10-2020,9,20,24,26,34,28,49,11,48,12,37,32,47,127783
11-10-2020,14,0,13,26,33,15,35,11,49,13,32,28,44,123521
18-10-2020,12,14,14,26,33,26,41,9,45,11,25,23,47,122589
25-10-2020,22,18,33,28,42,27,59,16,40,18,35,32,36,151221
01-11-2020,14,19,14,26,38,26,42,14,52,19,35,31,48,195545
08-11-2020,19,9,13,29,38,25,41,15,50,18,35,38,47,184577
15-11-2020,25,0,18,27,43,23,52,17,50,29,46,42,51,208774
22-11-2020,11,9,24,23,38,23,64,20,59,20,32,43,75,202296
29-11-2020,25,0,57,26,37,29,81,21,60,24,40,41,56,197639
06-12-2020,32,5,53,28,38,32,71,25,63,29,44,47,71,228689
13-12-2020,41,14,24,40,38,70,64,19,63,32,56,53,67,250777
20-12-2020,25,22,26,24,66,38,71,19,60,27,55,47,70,264114
27-12-2020,33,10,40,25,44,45,80,23,60,36,57,54,69,300566
03-01-2021,30,22,18,26,36,40,65,19,65,32,48,55,72,256728
10-01-2021,33,26,16,24,45,42,64,22,62,36,56,55,64,254632
17-01-2021,50,22,38,28,40,52,82,34,62,44,67,71,63,291443
24-01-2021,44,24,19,24,41,41,68,29,71,42,69,63,67,332507
31-01-2021,29,17,19,26,40,46,62,26,69,41,60,66,77,329583
07-02-2021,42,14,21,25,38,46,68,29,66,41,59,63,68,356658
14-02-2021,51,15,38,26,38,37,87,28,65,42,76,67,73,372858
21-02-2021,70,16,22,23,38,54,74,31,67,44,69,65,75,382128
28-02-2021,45,15,17,19,40,22,64,27,65,35,65,56,80,370751
07-03-2021,32,32,15,23,36,34,58,27,62,41,54,54,69,366799
14-03-2021,25,26,21,24,35,15,61,27,63,35,50,47,96,367144
21-03-2021,23,9,25,22,40,27,62,20,58,29,59,54,68,369105
28-03-2021,46,10,22,24,36,21,65,20,60,29,59,52,71,347116
04-04-2021,29,9,13,22,32,13,48,20,58,25,40,38,81,309363
11-04-2021,18,6,12,21,38,29,39,11,58,17,37,33,58,204981
18-04-2021,12,15,13,19,35,6,36,8,52,11,16,23,47,140245
25-04-2021,4,13,6,18,28,8,25,7,40,9,21,17,35,81111
02-05-2021,0,0,6,22,32,10,27,9,34,9,14,13,20,43675
09-05-2021,5,0,5,24,34,0,23,6,48,8,15,11,18,29559
16-05-2021,4,21,7,20,35,0,25,6,32,8,9,15,13,34930
23-05-2021,3,5,8,26,32,14,26,9,30,12,18,17,7,71916
30-05-2021,12,26,11,24,35,17,33,10,31,14,17,18,14,71815
06-06-2021,10,21,12,25,34,12,36,12,37,16,16,24,24,89040
13-06-2021,0,11,17,26,34,10,39,13,42,18,28,26,30,106370
20-06-2021,10,29,23,26,40,38,52,17,45,23,30,31,35,113701
27-06-2021,18,7,18,26,41,49,51,18,50,25,27,36,43,115240
04-07-2021,18,0,20,24,42,23,55,26,53,30,42,40,45,122901
11-07-2021,20,19,17,27,38,39,51,17,60,26,39,46,59,117618
18-07-2021,18,9,48,26,43,32,75,19,54,33,36,44,65,120608
25-07-2021,14,11,26,24,36,40,58,18,60,24,36,41,54,129549
01-08-2021,12,5,22,29,34,6,54,16,55,27,42,42,59,141782
08-08-2021,16,10,15,24,38,20,49,19,55,23,41,39,62,147237
15-08-2021,18,0,27,22,40,9,52,17,54,25,40,40,57,144297
22-08-2021,21,19,37,28,34,40,67,22,56,29,50,49,51,153116
29-08-2021,16,26,16,22,33,27,55,18,61,29,40,43,58,156274
05-09-2021,18,18,14,30,33,20,45,20,53,25,75,46,53,164884
12-09-2021,14,15,20,28,31,40,55,19,50,30,52,42,44,181979
19-09-2021,34,7,100,33,31,87,113,22,55,37,41,45,52,204599
26-09-2021,21,7,24,31,30,24,62,25,74,36,40,45,64,198721
03-10-2021,21,23,14,26,34,20,51,18,57,31,34,42,65,158568
10-10-2021,14,11,16,26,40,13,54,16,49,34,47,44,40,186796
17-10-2021,21,26,67,24,35,33,109,28,53,42,53,54,48,196056
24-10-2021,22,14,25,28,32,20,61,22,69,34,41,44,69,188842
31-10-2021,21,15,16,28,41,29,54,20,55,31,44,49,45,224115
07-11-2021,22,32,16,26,38,25,62,22,55,38,38,55,53,221013
14-11-2021,29,25,19,28,41,27,81,29,62,40,33,50,55,146725
21-11-2021,24,0,37,24,37,29,78,24,82,36,34,50,45,154964
28-11-2021,25,22,22,27,38,0,59,18,72,29,36,39,37,183570
05-12-2021,16,10,16,28,38,15,56,17,55,28,42,40,49,213598
12-12-2021,16,0,17,28,38,20,58,20,52,34,47,49,50,235432
19-12-2021,25,0,75,29,36,56,95,21,59,34,57,57,51,246272
26-12-2021,28,21,49,26,44,19,81,23,71,36,49,47,71,232415
02-01-2022,11,6,13,36,40,19,49,18,63,26,53,45,53,223462
09-01-2022,11,20,12,26,57,26,43,13,52,22,50,37,41,234949
16-01-2022,14,0,17,27,33,16,48,12,45,22,30,33,32,252399
23-01-2022,19,9,62,28,35,18,84,16,47,32,48,45,22,191968
30-01-2022,16,13,17,27,35,14,55,19,61,33,44,47,38,212869
06-02-2022,14,15,16,24,38,27,56,20,53,36,49,52,34,234463
13-02-2022,25,14,19,23,38,42,64,25,56,46,51,61,37,262613
20-02-2022,58,0,75,27,38,45,100,35,63,59,63,77,54,358933
27-02-2022,54,18,25,25,37,30,78,28,84,54,56,74,48,390866
06-03-2022,33,23,14,22,37,52,62,32,72,57,69,75,58,452305
13-03-2022,44,20,21,24,43,25,74,37,69,70,61,81,46,477539
20-03-2022,100,17,96,32,38,58,145,46,75,83,82,100,57,474629
27-03-2022,58,15,23,18,37,45,74,30,100,64,62,75,66,423766
03-04-2022,65,15,20,23,38,46,71,36,66,73,54,79,56,464452
10-04-2022,61,23,17,26,43,30,71,39,74,67,55,79,54,527415
17-04-2022,46,14,16,28,37,40,58,32,74,62,50,69,58,473998
24-04-2022,56,20,27,27,38,41,69,32,68,63,54,71,43,486541
01-05-2022,54,19,15,42,38,32,65,36,73,73,53,73,45,477929
08-05-2022,48,19,14,35,40,25,64,36,69,73,59,75,48,478022
15-05-2022,50,23,26,30,41,32,77,39,68,74,51,78,40,534504
22-05-2022,66,17,36,31,38,32,81,45,75,81,62,90,40,553161
29-05-2022,56,10,25,32,38,38,74,41,77,70,60,87,49,522135
05-06-2022,42,29,16,36,44,47,64,40,82,73,56,86,48,547757
12-06-2022,54,16,18,32,42,37,72,39,73,73,59,80,39,560262
19-06-2022,48,9,20,39,41,36,72,36,76,71,48,81,43,550461
26-06-2022,39,19,33,40,43,42,78,38,73,64,48,80,49,528810
03-07-2022,45,17,33,44,44,42,82,37,77,73,56,82,46,552678
10-07-2022,46,31,19,36,47,40,72,35,77,65,52,75,42,512413
17-07-2022,46,27,22,44,41,53,67,36,76,61,45,79,42,530723
24-07-2022,46,14,21,39,42,35,64,33,75,67,46,77,35,500169
31-07-2022,42,28,21,34,43,33,71,36,75,73,50,77,38,502863
07-08-2022,45,23,14,37,44,32,71,35,79,75,53,86,46,530187
14-08-2022,54,19,29,36,44,51,81,35,76,72,57,86,45,540894
21-08-2022,41,24,33,31,43,41,71,36,86,64,67,82,50,507768
28-08-2022,46,29,22,34,38,33,68,29,77,61,100,72,45,480220
04-09-2022,38,13,15,36,38,46,65,32,64,67,86,72,37,504582
11-09-2022,48,24,19,40,43,43,64,31,72,73,65,75,43,526321
18-09-2022,36,19,43,39,42,50,77,33,75,76,69,81,40,493129
25-09-2022,48,34,26,40,44,29,68,34,74,73,46,70,39,469855
02-10-2022,33,26,16,40,50,37,71,37,74,83,64,77,38,524357
09-10-2022,42,24,16,36,47,47,74,29,74,66,61,72,39,547769
16-10-2022,42,23,31,40,47,33,77,35,68,64,64,73,39,499522
23-10-2022,41,21,41,43,50,60,77,32,73,73,56,80,45,467476
30-10-2022,44,24,25,39,52,52,71,31,74,69,68,76,49,512479
06-11-2022,38,27,39,43,50,58,81,33,73,77,72,84,43,436324
13-11-2022,56,34,35,42,52,58,85,39,81,78,78,90,51,501375
20-11-2022,46,28,25,43,50,36,69,32,82,70,75,85,49,490845
27-11-2022,42,17,25,39,52,52,78,33,74,73,77,85,49,480405
04-12-2022,46,21,24,36,50,53,72,37,74,66,74,77,42,435597
11-12-2022,29,43,43,39,45,48,80,29,72,60,66,80,38,440627
18-12-2022,44,18,61,38,47,54,88,31,77,68,71,86,44,462695
25-12-2022,56,33,40,67,60,54,91,34,84,75,67,91,57,491276
01-01-2023,33,33,37,39,100,34,77,29,85,61,56,78,63,426147
08-01-2023,58,24,56,38,50,53,93,32,76,72,68,85,39,469451
15-01-2023,38,22,16,37,52,43,65,32,83,65,60,82,45,511771
22-01-2023,40,26,29,37,55,40,77,36,68,66,63,77,47,483934
29-01-2023,33,20,18,37,52,25,65,34,71,64,57,80,46,464871
05-02-2023,42,0,27,30,50,32,68,30,69,65,59,74,49,473597
12-02-2023,42,17,25,29,41,40,67,31,70,65,56,80,47,479263
19-02-2023,42,31,75,34,50,55,98,38,67,70,66,86,60,454138
26-02-2023,59,23,25,37,47,44,75,29,83,72,57,77,53,463045
05-03-2023,36,17,14,35,48,47,65,32,75,69,62,80,51,470241
12-03-2023,33,9,17,35,43,45,67,28,66,61,54,73,44,475051
19-03-2023,42,24,43,35,52,50,69,28,65,64,56,77,42,453262
26-03-2023,50,10,50,34,49,63,90,40,73,81,70,88,46,483277
02-04-2023,40,18,13,35,52,63,67,42,86,90,66,93,44,517253
09-04-2023,44,21,15,36,50,31,67,35,80,80,65,81,46,489842
16-04-2023,36,15,31,33,49,36,68,33,73,70,53,74,57,456892
23-04-2023,45,15,51,33,48,51,88,37,71,79,60,85,45,473438
30-04-2023,38,18,11,35,49,38,59,32,82,67,57,81,41,501749
07-05-2023,29,15,10,34,47,48,62,34,65,70,63,77,41,506296
14-05-2023,36,18,18,34,48,46,59,37,65,73,64,82,45,545498
21-05-2023,50,7,37,39,54,36,84,40,69,79,72,97,42,560496
28-05-2023,36,17,12,33,52,41,62,40,80,80,65,92,44,546451
04-06-2023,30,10,11,37,54,41,62,37,74,79,65,93,50,566219
11-06-2023,41,24,12,34,49,43,62,37,75,70,65,90,50,549939
18-06-2023,38,18,34,41,55,50,84,33,83,67,63,91,51,529828
25-06-2023,54,6,21,39,63,53,77,35,82,73,70,98,53,515489
02-07-2023,46,14,12,34,54,54,52,36,81,74,80,94,59,531707
09-07-2023,46,17,10,39,52,51,67,35,79,73,62,85,50,516395
16-07-2023,40,21,28,39,55,54,72,31,73,65,55,83,53,517492
23-07-2023,48,18,37,39,55,49,82,31,76,68,70,86,48,517884
30-07-2023,36,34,12,36,52,65,62,34,86,61,70,84,54,500190
06-08-2023,36,21,12,41,50,45,67,34,77,66,69,91,53,515473
13-08-2023,41,14,15,39,57,51,82,31,79,65,66,89,54,514404
20-08-2023,42,20,34,35,55,34,88,36,80,65,56,84,54,492709
27-08-2023,27,27,11,35,55,55,64,33,78,64,57,81,51,493724
03-09-2023,34,16,10,39,50,40,62,29,73,61,64,73,50,514367
10-09-2023,32,18,10,39,45,33,56,27,72,54,69,68,49,478997
17-09-2023,33,31,23,38,49,33,65,25,63,55,86,66,41,474883
24-09-2023,42,26,24,41,47,65,75,35,65,75,79,85,44,490777
01-10-2023,40,15,12,40,50,38,59,30,77,64,71,75,48,519928
